{
  "tenure": {
    "mean": 32.421786,
    "std": 24.543514
  },
  "MonthlyCharges": {
    "mean": 64.798208,
    "std": 30.083835
  },
  "TotalCharges": {
    "mean": 2283.300441,
    "std": 2266.610181
  }
}